<?xml version="1.0"?>
<doc>
    <assembly>
        <name>Google.Apis.Groupssettings.v1</name>
    </assembly>
    <members>
        <member name="T:Google.Apis.Groupssettings.v1.Data.Groups">
            <summary>JSON template for Group resource</summary>
        </member>
        <member name="P:Google.Apis.Groupssettings.v1.Data.Groups.AllowExternalMembers">
            <summary>Are external members allowed to join the group.</summary>
        </member>
        <member name="P:Google.Apis.Groupssettings.v1.Data.Groups.AllowGoogleCommunication">
            <summary>Is google allowed to contact admins.</summary>
        </member>
        <member name="P:Google.Apis.Groupssettings.v1.Data.Groups.AllowWebPosting">
            <summary>If posting from web is allowed.</summary>
        </member>
        <member name="P:Google.Apis.Groupssettings.v1.Data.Groups.ArchiveOnly">
            <summary>If the group is archive only</summary>
        </member>
        <member name="P:Google.Apis.Groupssettings.v1.Data.Groups.CustomReplyTo">
            <summary>Default email to which reply to any message should go.</summary>
        </member>
        <member name="P:Google.Apis.Groupssettings.v1.Data.Groups.DefaultMessageDenyNotificationText">
            <summary>Default message deny notification message</summary>
        </member>
        <member name="P:Google.Apis.Groupssettings.v1.Data.Groups.Description">
            <summary>Description of the group</summary>
        </member>
        <member name="P:Google.Apis.Groupssettings.v1.Data.Groups.Email">
            <summary>Email id of the group</summary>
        </member>
        <member name="P:Google.Apis.Groupssettings.v1.Data.Groups.IncludeInGlobalAddressList">
            <summary>If this groups should be included in global address list or not.</summary>
        </member>
        <member name="P:Google.Apis.Groupssettings.v1.Data.Groups.IsArchived">
            <summary>If the contents of the group are archived.</summary>
        </member>
        <member name="P:Google.Apis.Groupssettings.v1.Data.Groups.Kind">
            <summary>The type of the resource.</summary>
        </member>
        <member name="P:Google.Apis.Groupssettings.v1.Data.Groups.MaxMessageBytes">
            <summary>Maximum message size allowed.</summary>
        </member>
        <member name="P:Google.Apis.Groupssettings.v1.Data.Groups.MembersCanPostAsTheGroup">
            <summary>Can members post using the group email address.</summary>
        </member>
        <member name="P:Google.Apis.Groupssettings.v1.Data.Groups.MessageDisplayFont">
            <summary>Default message display font. Possible values are: DEFAULT_FONT FIXED_WIDTH_FONT</summary>
        </member>
        <member name="P:Google.Apis.Groupssettings.v1.Data.Groups.MessageModerationLevel">
            <summary>Moderation level for messages. Possible values are: MODERATE_ALL_MESSAGES MODERATE_NON_MEMBERS
            MODERATE_NEW_MEMBERS MODERATE_NONE</summary>
        </member>
        <member name="P:Google.Apis.Groupssettings.v1.Data.Groups.Name">
            <summary>Name of the Group</summary>
        </member>
        <member name="P:Google.Apis.Groupssettings.v1.Data.Groups.PrimaryLanguage">
            <summary>Primary language for the group.</summary>
        </member>
        <member name="P:Google.Apis.Groupssettings.v1.Data.Groups.ReplyTo">
            <summary>Whome should the default reply to a message go to. Possible values are: REPLY_TO_CUSTOM
            REPLY_TO_SENDER REPLY_TO_LIST REPLY_TO_OWNER REPLY_TO_IGNORE REPLY_TO_MANAGERS</summary>
        </member>
        <member name="P:Google.Apis.Groupssettings.v1.Data.Groups.SendMessageDenyNotification">
            <summary>Should the member be notified if his message is denied by owner.</summary>
        </member>
        <member name="P:Google.Apis.Groupssettings.v1.Data.Groups.ShowInGroupDirectory">
            <summary>Is the group listed in groups directory</summary>
        </member>
        <member name="P:Google.Apis.Groupssettings.v1.Data.Groups.SpamModerationLevel">
            <summary>Moderation level for messages detected as spam. Possible values are: ALLOW MODERATE
            SILENTLY_MODERATE REJECT</summary>
        </member>
        <member name="P:Google.Apis.Groupssettings.v1.Data.Groups.WhoCanInvite">
            <summary>Permissions to invite members. Possbile values are: ALL_MEMBERS_CAN_INVITE
            ALL_MANAGERS_CAN_INVITE</summary>
        </member>
        <member name="P:Google.Apis.Groupssettings.v1.Data.Groups.WhoCanJoin">
            <summary>Permissions to join the group. Possible values are: ANYONE_CAN_JOIN ALL_IN_DOMAIN_CAN_JOIN
            INVITED_CAN_JOIN CAN_REQUEST_TO_JOIN</summary>
        </member>
        <member name="P:Google.Apis.Groupssettings.v1.Data.Groups.WhoCanPostMessage">
            <summary>Permissions to post messages to the group. Possible values are: NONE_CAN_POST ALL_MANAGERS_CAN_POST
            ALL_MEMBERS_CAN_POST ALL_IN_DOMAIN_CAN_POST ANYONE_CAN_POST</summary>
        </member>
        <member name="P:Google.Apis.Groupssettings.v1.Data.Groups.WhoCanViewGroup">
            <summary>Permissions to view group. Possbile values are: ANYONE_CAN_VIEW ALL_IN_DOMAIN_CAN_VIEW
            ALL_MEMBERS_CAN_VIEW ALL_MANAGERS_CAN_VIEW</summary>
        </member>
        <member name="P:Google.Apis.Groupssettings.v1.Data.Groups.WhoCanViewMembership">
            <summary>Permissions to view membership. Possbile values are: ALL_IN_DOMAIN_CAN_VIEW ALL_MEMBERS_CAN_VIEW
            ALL_MANAGERS_CAN_VIEW</summary>
        </member>
        <member name="P:Google.Apis.Groupssettings.v1.Data.Groups.ETag">
            <summary>The ETag of the item.</summary>
        </member>
        <member name="T:Google.Apis.Groupssettings.v1.GroupssettingsService">
            <summary>The Groupssettings Service.</summary>
        </member>
        <member name="F:Google.Apis.Groupssettings.v1.GroupssettingsService.Version">
            <summary>The API version.</summary>
        </member>
        <member name="F:Google.Apis.Groupssettings.v1.GroupssettingsService.DiscoveryVersionUsed">
            <summary>The discovery version used to generate this service.</summary>
        </member>
        <member name="M:Google.Apis.Groupssettings.v1.GroupssettingsService.#ctor">
            <summary>Constructs a new service.</summary>
        </member>
        <member name="M:Google.Apis.Groupssettings.v1.GroupssettingsService.#ctor(Google.Apis.Services.BaseClientService.Initializer)">
            <summary>Constructs a new service.</summary>
            <param name="initializer">The service initializer.</param>
        </member>
        <member name="P:Google.Apis.Groupssettings.v1.GroupssettingsService.Features">
            <summary>Gets the service supported features.</summary>
        </member>
        <member name="P:Google.Apis.Groupssettings.v1.GroupssettingsService.Name">
            <summary>Gets the service name.</summary>
        </member>
        <member name="P:Google.Apis.Groupssettings.v1.GroupssettingsService.BaseUri">
            <summary>Gets the service base URI.</summary>
        </member>
        <member name="P:Google.Apis.Groupssettings.v1.GroupssettingsService.BasePath">
            <summary>Gets the service base path.</summary>
        </member>
        <member name="P:Google.Apis.Groupssettings.v1.GroupssettingsService.Groups">
            <summary>Gets the Groups resource.</summary>
        </member>
        <member name="T:Google.Apis.Groupssettings.v1.GroupssettingsService.Scopes">
            <summary>Available OAuth 2.0 scopes for use with the Groups Settings API.</summary>
        </member>
        <member name="F:Google.Apis.Groupssettings.v1.GroupssettingsService.Scopes.AppsGroupsSettings">
            <summary>View and manage the settings of a Google Apps Group</summary>
        </member>
        <member name="T:Google.Apis.Groupssettings.v1.GroupssettingsBaseServiceRequest`1">
            <summary>A base abstract class for Groupssettings requests.</summary>
        </member>
        <member name="M:Google.Apis.Groupssettings.v1.GroupssettingsBaseServiceRequest`1.#ctor(Google.Apis.Services.IClientService)">
            <summary>Constructs a new GroupssettingsBaseServiceRequest instance.</summary>
        </member>
        <member name="M:Google.Apis.Groupssettings.v1.GroupssettingsBaseServiceRequest`1.InitParameters">
            <summary>Initializes Groupssettings parameter list.</summary>
        </member>
        <member name="P:Google.Apis.Groupssettings.v1.GroupssettingsBaseServiceRequest`1.Alt">
            <summary>Data format for the response.</summary>
            [default: atom]
        </member>
        <member name="P:Google.Apis.Groupssettings.v1.GroupssettingsBaseServiceRequest`1.Fields">
            <summary>Selector specifying which fields to include in a partial response.</summary>
        </member>
        <member name="P:Google.Apis.Groupssettings.v1.GroupssettingsBaseServiceRequest`1.Key">
            <summary>API key. Your API key identifies your project and provides you with API access, quota, and reports.
            Required unless you provide an OAuth 2.0 token.</summary>
        </member>
        <member name="P:Google.Apis.Groupssettings.v1.GroupssettingsBaseServiceRequest`1.OauthToken">
            <summary>OAuth 2.0 token for the current user.</summary>
        </member>
        <member name="P:Google.Apis.Groupssettings.v1.GroupssettingsBaseServiceRequest`1.PrettyPrint">
            <summary>Returns response with indentations and line breaks.</summary>
            [default: true]
        </member>
        <member name="P:Google.Apis.Groupssettings.v1.GroupssettingsBaseServiceRequest`1.QuotaUser">
            <summary>Available to use for quota purposes for server-side applications. Can be any arbitrary string
            assigned to a user, but should not exceed 40 characters. Overrides userIp if both are provided.</summary>
        </member>
        <member name="P:Google.Apis.Groupssettings.v1.GroupssettingsBaseServiceRequest`1.UserIp">
            <summary>IP address of the site where the request originates. Use this if you want to enforce per-user
            limits.</summary>
        </member>
        <member name="T:Google.Apis.Groupssettings.v1.GroupssettingsBaseServiceRequest`1.AltEnum">
            <summary>Data format for the response.</summary>
        </member>
        <member name="F:Google.Apis.Groupssettings.v1.GroupssettingsBaseServiceRequest`1.AltEnum.Atom">
            <summary>Responses with Content-Type of application/atom+xml</summary>
        </member>
        <member name="F:Google.Apis.Groupssettings.v1.GroupssettingsBaseServiceRequest`1.AltEnum.Json">
            <summary>Responses with Content-Type of application/json</summary>
        </member>
        <member name="T:Google.Apis.Groupssettings.v1.GroupsResource">
            <summary>The "groups" collection of methods.</summary>
        </member>
        <member name="F:Google.Apis.Groupssettings.v1.GroupsResource.service">
            <summary> The service whih this resource is belong to.</summary>
        </member>
        <member name="M:Google.Apis.Groupssettings.v1.GroupsResource.#ctor(Google.Apis.Services.IClientService)">
            <summary>Constructs a new resource.</summary>
        </member>
        <member name="M:Google.Apis.Groupssettings.v1.GroupsResource.Get(System.String)">
            <summary>Gets one resource by id.</summary>
            <param name="groupUniqueId">The resource ID</param>
        </member>
        <member name="M:Google.Apis.Groupssettings.v1.GroupsResource.Patch(Google.Apis.Groupssettings.v1.Data.Groups,System.String)">
            <summary>Updates an existing resource. This method supports patch semantics.</summary>
            <param name="body">The body of the request.</param>
            <param name="groupUniqueId">The resource ID</param>
        </member>
        <member name="M:Google.Apis.Groupssettings.v1.GroupsResource.Update(Google.Apis.Groupssettings.v1.Data.Groups,System.String)">
            <summary>Updates an existing resource.</summary>
            <param name="body">The body of the request.</param>
            <param name="groupUniqueId">The resource ID</param>
        </member>
        <member name="T:Google.Apis.Groupssettings.v1.GroupsResource.GetRequest">
            <summary>Gets one resource by id.</summary>
        </member>
        <member name="M:Google.Apis.Groupssettings.v1.GroupsResource.GetRequest.#ctor(Google.Apis.Services.IClientService,System.String)">
            <summary>Constructs a new Get request.</summary>
        </member>
        <member name="M:Google.Apis.Groupssettings.v1.GroupsResource.GetRequest.InitParameters">
            <summary>Initializes Get parameter list.</summary>
        </member>
        <member name="P:Google.Apis.Groupssettings.v1.GroupsResource.GetRequest.GroupUniqueId">
            <summary>The resource ID</summary>
        </member>
        <member name="P:Google.Apis.Groupssettings.v1.GroupsResource.GetRequest.MethodName">
            <summary>Gets the method name.</summary>
        </member>
        <member name="P:Google.Apis.Groupssettings.v1.GroupsResource.GetRequest.HttpMethod">
            <summary>Gets the HTTP method.</summary>
        </member>
        <member name="P:Google.Apis.Groupssettings.v1.GroupsResource.GetRequest.RestPath">
            <summary>Gets the REST path.</summary>
        </member>
        <member name="T:Google.Apis.Groupssettings.v1.GroupsResource.PatchRequest">
            <summary>Updates an existing resource. This method supports patch semantics.</summary>
        </member>
        <member name="M:Google.Apis.Groupssettings.v1.GroupsResource.PatchRequest.#ctor(Google.Apis.Services.IClientService,Google.Apis.Groupssettings.v1.Data.Groups,System.String)">
            <summary>Constructs a new Patch request.</summary>
        </member>
        <member name="M:Google.Apis.Groupssettings.v1.GroupsResource.PatchRequest.GetBody">
            <summary>Returns the body of the request.</summary>
        </member>
        <member name="M:Google.Apis.Groupssettings.v1.GroupsResource.PatchRequest.InitParameters">
            <summary>Initializes Patch parameter list.</summary>
        </member>
        <member name="P:Google.Apis.Groupssettings.v1.GroupsResource.PatchRequest.GroupUniqueId">
            <summary>The resource ID</summary>
        </member>
        <member name="P:Google.Apis.Groupssettings.v1.GroupsResource.PatchRequest.Body">
            <summary>Gets or sets the body of this request.</summary>
        </member>
        <member name="P:Google.Apis.Groupssettings.v1.GroupsResource.PatchRequest.MethodName">
            <summary>Gets the method name.</summary>
        </member>
        <member name="P:Google.Apis.Groupssettings.v1.GroupsResource.PatchRequest.HttpMethod">
            <summary>Gets the HTTP method.</summary>
        </member>
        <member name="P:Google.Apis.Groupssettings.v1.GroupsResource.PatchRequest.RestPath">
            <summary>Gets the REST path.</summary>
        </member>
        <member name="T:Google.Apis.Groupssettings.v1.GroupsResource.UpdateRequest">
            <summary>Updates an existing resource.</summary>
        </member>
        <member name="M:Google.Apis.Groupssettings.v1.GroupsResource.UpdateRequest.#ctor(Google.Apis.Services.IClientService,Google.Apis.Groupssettings.v1.Data.Groups,System.String)">
            <summary>Constructs a new Update request.</summary>
        </member>
        <member name="M:Google.Apis.Groupssettings.v1.GroupsResource.UpdateRequest.GetBody">
            <summary>Returns the body of the request.</summary>
        </member>
        <member name="M:Google.Apis.Groupssettings.v1.GroupsResource.UpdateRequest.InitParameters">
            <summary>Initializes Update parameter list.</summary>
        </member>
        <member name="P:Google.Apis.Groupssettings.v1.GroupsResource.UpdateRequest.GroupUniqueId">
            <summary>The resource ID</summary>
        </member>
        <member name="P:Google.Apis.Groupssettings.v1.GroupsResource.UpdateRequest.Body">
            <summary>Gets or sets the body of this request.</summary>
        </member>
        <member name="P:Google.Apis.Groupssettings.v1.GroupsResource.UpdateRequest.MethodName">
            <summary>Gets the method name.</summary>
        </member>
        <member name="P:Google.Apis.Groupssettings.v1.GroupsResource.UpdateRequest.HttpMethod">
            <summary>Gets the HTTP method.</summary>
        </member>
        <member name="P:Google.Apis.Groupssettings.v1.GroupsResource.UpdateRequest.RestPath">
            <summary>Gets the REST path.</summary>
        </member>
    </members>
</doc>
