<?xml version="1.0"?>
<doc>
    <assembly>
        <name>Google.Apis.Audit.v1</name>
    </assembly>
    <members>
        <member name="P:Google.Apis.Audit.v1.Data.Activities.Items">
            <summary>Each record in read response.</summary>
        </member>
        <member name="P:Google.Apis.Audit.v1.Data.Activities.Kind">
            <summary>Kind of list response this is.</summary>
        </member>
        <member name="P:Google.Apis.Audit.v1.Data.Activities.Next">
            <summary>Next page URL.</summary>
        </member>
        <member name="P:Google.Apis.Audit.v1.Data.Activities.ETag">
            <summary>The ETag of the item.</summary>
        </member>
        <member name="P:Google.Apis.Audit.v1.Data.Activity.Actor">
            <summary>User doing the action.</summary>
        </member>
        <member name="P:Google.Apis.Audit.v1.Data.Activity.Events">
            <summary>Activity events.</summary>
        </member>
        <member name="P:Google.Apis.Audit.v1.Data.Activity.Id">
            <summary>Unique identifier for each activity record.</summary>
        </member>
        <member name="P:Google.Apis.Audit.v1.Data.Activity.IpAddress">
            <summary>IP Address of the user doing the action.</summary>
        </member>
        <member name="P:Google.Apis.Audit.v1.Data.Activity.Kind">
            <summary>Kind of resource this is.</summary>
        </member>
        <member name="P:Google.Apis.Audit.v1.Data.Activity.OwnerDomain">
            <summary>Domain of source customer.</summary>
        </member>
        <member name="P:Google.Apis.Audit.v1.Data.Activity.ETag">
            <summary>The ETag of the item.</summary>
        </member>
        <member name="T:Google.Apis.Audit.v1.Data.Activity.ActorData">
            <summary>User doing the action.</summary>
        </member>
        <member name="P:Google.Apis.Audit.v1.Data.Activity.ActorData.ApplicationId">
            <summary>ID of application which interacted on behalf of the user.</summary>
        </member>
        <member name="P:Google.Apis.Audit.v1.Data.Activity.ActorData.CallerType">
            <summary>User or OAuth 2LO request.</summary>
        </member>
        <member name="P:Google.Apis.Audit.v1.Data.Activity.ActorData.Email">
            <summary>Email address of the user.</summary>
        </member>
        <member name="P:Google.Apis.Audit.v1.Data.Activity.ActorData.Key">
            <summary>For OAuth 2LO API requests, consumer_key of the requestor.</summary>
        </member>
        <member name="P:Google.Apis.Audit.v1.Data.Activity.EventsData.EventType">
            <summary>Type of event.</summary>
        </member>
        <member name="P:Google.Apis.Audit.v1.Data.Activity.EventsData.Name">
            <summary>Name of event.</summary>
        </member>
        <member name="P:Google.Apis.Audit.v1.Data.Activity.EventsData.Parameters">
            <summary>Event parameters.</summary>
        </member>
        <member name="P:Google.Apis.Audit.v1.Data.Activity.EventsData.ParametersData.Name">
            <summary>Name of the parameter.</summary>
        </member>
        <member name="P:Google.Apis.Audit.v1.Data.Activity.EventsData.ParametersData.Value">
            <summary>Value of the parameter.</summary>
        </member>
        <member name="T:Google.Apis.Audit.v1.Data.Activity.IdData">
            <summary>Unique identifier for each activity record.</summary>
        </member>
        <member name="P:Google.Apis.Audit.v1.Data.Activity.IdData.ApplicationId">
            <summary>Application ID of the source application.</summary>
        </member>
        <member name="P:Google.Apis.Audit.v1.Data.Activity.IdData.CustomerId">
            <summary>Obfuscated customer ID of the source customer.</summary>
        </member>
        <member name="P:Google.Apis.Audit.v1.Data.Activity.IdData.Time">
            <summary>Time of occurrence of the activity.</summary>
        </member>
        <member name="P:Google.Apis.Audit.v1.Data.Activity.IdData.UniqQualifier">
            <summary>Unique qualifier if multiple events have the same time.</summary>
        </member>
        <member name="T:Google.Apis.Audit.v1.AuditService">
            <summary>The Audit Service.</summary>
        </member>
        <member name="F:Google.Apis.Audit.v1.AuditService.Version">
            <summary>The API version.</summary>
        </member>
        <member name="F:Google.Apis.Audit.v1.AuditService.DiscoveryVersionUsed">
            <summary>The discovery version used to generate this service.</summary>
        </member>
        <member name="M:Google.Apis.Audit.v1.AuditService.#ctor">
            <summary>Constructs a new service.</summary>
        </member>
        <member name="M:Google.Apis.Audit.v1.AuditService.#ctor(Google.Apis.Services.BaseClientService.Initializer)">
            <summary>Constructs a new service.</summary>
            <param name="initializer">The service initializer.</param>
        </member>
        <member name="P:Google.Apis.Audit.v1.AuditService.Features">
            <summary>Gets the service supported features.</summary>
        </member>
        <member name="P:Google.Apis.Audit.v1.AuditService.Name">
            <summary>Gets the service name.</summary>
        </member>
        <member name="P:Google.Apis.Audit.v1.AuditService.BaseUri">
            <summary>Gets the service base URI.</summary>
        </member>
        <member name="P:Google.Apis.Audit.v1.AuditService.BasePath">
            <summary>Gets the service base path.</summary>
        </member>
        <member name="P:Google.Apis.Audit.v1.AuditService.Activities">
            <summary>Gets the Activities resource.</summary>
        </member>
        <member name="T:Google.Apis.Audit.v1.AuditBaseServiceRequest`1">
            <summary>A base abstract class for Audit requests.</summary>
        </member>
        <member name="M:Google.Apis.Audit.v1.AuditBaseServiceRequest`1.#ctor(Google.Apis.Services.IClientService)">
            <summary>Constructs a new AuditBaseServiceRequest instance.</summary>
        </member>
        <member name="M:Google.Apis.Audit.v1.AuditBaseServiceRequest`1.InitParameters">
            <summary>Initializes Audit parameter list.</summary>
        </member>
        <member name="P:Google.Apis.Audit.v1.AuditBaseServiceRequest`1.Alt">
            <summary>Data format for the response.</summary>
            [default: json]
        </member>
        <member name="P:Google.Apis.Audit.v1.AuditBaseServiceRequest`1.Fields">
            <summary>Selector specifying which fields to include in a partial response.</summary>
        </member>
        <member name="P:Google.Apis.Audit.v1.AuditBaseServiceRequest`1.Key">
            <summary>API key. Your API key identifies your project and provides you with API access, quota, and reports.
            Required unless you provide an OAuth 2.0 token.</summary>
        </member>
        <member name="P:Google.Apis.Audit.v1.AuditBaseServiceRequest`1.OauthToken">
            <summary>OAuth 2.0 token for the current user.</summary>
        </member>
        <member name="P:Google.Apis.Audit.v1.AuditBaseServiceRequest`1.PrettyPrint">
            <summary>Returns response with indentations and line breaks.</summary>
            [default: true]
        </member>
        <member name="P:Google.Apis.Audit.v1.AuditBaseServiceRequest`1.QuotaUser">
            <summary>Available to use for quota purposes for server-side applications. Can be any arbitrary string
            assigned to a user, but should not exceed 40 characters. Overrides userIp if both are provided.</summary>
        </member>
        <member name="P:Google.Apis.Audit.v1.AuditBaseServiceRequest`1.UserIp">
            <summary>IP address of the site where the request originates. Use this if you want to enforce per-user
            limits.</summary>
        </member>
        <member name="T:Google.Apis.Audit.v1.AuditBaseServiceRequest`1.AltEnum">
            <summary>Data format for the response.</summary>
        </member>
        <member name="F:Google.Apis.Audit.v1.AuditBaseServiceRequest`1.AltEnum.Atom">
            <summary>Responses with Content-Type of application/atom+xml</summary>
        </member>
        <member name="F:Google.Apis.Audit.v1.AuditBaseServiceRequest`1.AltEnum.Json">
            <summary>Responses with Content-Type of application/json</summary>
        </member>
        <member name="T:Google.Apis.Audit.v1.ActivitiesResource">
            <summary>The "activities" collection of methods.</summary>
        </member>
        <member name="F:Google.Apis.Audit.v1.ActivitiesResource.service">
            <summary> The service whih this resource is belong to.</summary>
        </member>
        <member name="M:Google.Apis.Audit.v1.ActivitiesResource.#ctor(Google.Apis.Services.IClientService)">
            <summary>Constructs a new resource.</summary>
        </member>
        <member name="M:Google.Apis.Audit.v1.ActivitiesResource.List(System.String,System.String)">
            <summary>Retrieves a list of activities for a specific customer and application.</summary>
            <param name="customerId">Represents the customer who is the owner of target object on which action was
            performed.</param>
            <param name="applicationId">Application ID of the application on which the event was
            performed.</param>
        </member>
        <member name="T:Google.Apis.Audit.v1.ActivitiesResource.ListRequest">
            <summary>Retrieves a list of activities for a specific customer and application.</summary>
        </member>
        <member name="M:Google.Apis.Audit.v1.ActivitiesResource.ListRequest.#ctor(Google.Apis.Services.IClientService,System.String,System.String)">
            <summary>Constructs a new List request.</summary>
        </member>
        <member name="M:Google.Apis.Audit.v1.ActivitiesResource.ListRequest.InitParameters">
            <summary>Initializes List parameter list.</summary>
        </member>
        <member name="P:Google.Apis.Audit.v1.ActivitiesResource.ListRequest.CustomerId">
            <summary>Represents the customer who is the owner of target object on which action was
            performed.</summary>
        </member>
        <member name="P:Google.Apis.Audit.v1.ActivitiesResource.ListRequest.ApplicationId">
            <summary>Application ID of the application on which the event was performed.</summary>
        </member>
        <member name="P:Google.Apis.Audit.v1.ActivitiesResource.ListRequest.ActorEmail">
            <summary>Email address of the user who performed the action.</summary>
        </member>
        <member name="P:Google.Apis.Audit.v1.ActivitiesResource.ListRequest.ActorApplicationId">
            <summary>Application ID of the application which interacted on behalf of the user while performing the
            event.</summary>
        </member>
        <member name="P:Google.Apis.Audit.v1.ActivitiesResource.ListRequest.ActorIpAddress">
            <summary>IP Address of host where the event was performed. Supports both IPv4 and IPv6
            addresses.</summary>
        </member>
        <member name="P:Google.Apis.Audit.v1.ActivitiesResource.ListRequest.Caller">
            <summary>Type of the caller.</summary>
        </member>
        <member name="P:Google.Apis.Audit.v1.ActivitiesResource.ListRequest.MaxResults">
            <summary>Number of activity records to be shown in each page.</summary>
            [minimum: 1]
            [maximum: 1000]
        </member>
        <member name="P:Google.Apis.Audit.v1.ActivitiesResource.ListRequest.EventName">
            <summary>Name of the event being queried.</summary>
        </member>
        <member name="P:Google.Apis.Audit.v1.ActivitiesResource.ListRequest.StartTime">
            <summary>Return events which occured at or after this time.</summary>
        </member>
        <member name="P:Google.Apis.Audit.v1.ActivitiesResource.ListRequest.EndTime">
            <summary>Return events which occured at or before this time.</summary>
        </member>
        <member name="P:Google.Apis.Audit.v1.ActivitiesResource.ListRequest.ContinuationToken">
            <summary>Next page URL.</summary>
        </member>
        <member name="P:Google.Apis.Audit.v1.ActivitiesResource.ListRequest.MethodName">
            <summary>Gets the method name.</summary>
        </member>
        <member name="P:Google.Apis.Audit.v1.ActivitiesResource.ListRequest.HttpMethod">
            <summary>Gets the HTTP method.</summary>
        </member>
        <member name="P:Google.Apis.Audit.v1.ActivitiesResource.ListRequest.RestPath">
            <summary>Gets the REST path.</summary>
        </member>
        <member name="T:Google.Apis.Audit.v1.ActivitiesResource.ListRequest.CallerEnum">
            <summary>Type of the caller.</summary>
        </member>
        <member name="F:Google.Apis.Audit.v1.ActivitiesResource.ListRequest.CallerEnum.ApplicationOwner">
            <summary>Caller is an application owner.</summary>
        </member>
        <member name="F:Google.Apis.Audit.v1.ActivitiesResource.ListRequest.CallerEnum.Customer">
            <summary>Caller is a customer.</summary>
        </member>
    </members>
</doc>
