<?xml version="1.0"?>
<doc>
    <assembly>
        <name>Google.Apis.Admin.Reports.reports_v1</name>
    </assembly>
    <members>
        <member name="T:Google.Apis.Admin.Reports.reports_v1.Data.Activities">
            <summary>JSON template for a collection of activites.</summary>
        </member>
        <member name="P:Google.Apis.Admin.Reports.reports_v1.Data.Activities.Items">
            <summary>Each record in read response.</summary>
        </member>
        <member name="P:Google.Apis.Admin.Reports.reports_v1.Data.Activities.Kind">
            <summary>Kind of list response this is.</summary>
        </member>
        <member name="P:Google.Apis.Admin.Reports.reports_v1.Data.Activities.NextPageToken">
            <summary>Token for retrieving the next page</summary>
        </member>
        <member name="P:Google.Apis.Admin.Reports.reports_v1.Data.Activities.ETag">
            <summary>The ETag of the item.</summary>
        </member>
        <member name="T:Google.Apis.Admin.Reports.reports_v1.Data.Activity">
            <summary>JSON template for the activity resource.</summary>
        </member>
        <member name="P:Google.Apis.Admin.Reports.reports_v1.Data.Activity.Actor">
            <summary>User doing the action.</summary>
        </member>
        <member name="P:Google.Apis.Admin.Reports.reports_v1.Data.Activity.Events">
            <summary>Activity events.</summary>
        </member>
        <member name="P:Google.Apis.Admin.Reports.reports_v1.Data.Activity.Id">
            <summary>Unique identifier for each activity record.</summary>
        </member>
        <member name="P:Google.Apis.Admin.Reports.reports_v1.Data.Activity.IpAddress">
            <summary>IP Address of the user doing the action.</summary>
        </member>
        <member name="P:Google.Apis.Admin.Reports.reports_v1.Data.Activity.Kind">
            <summary>Kind of resource this is.</summary>
        </member>
        <member name="P:Google.Apis.Admin.Reports.reports_v1.Data.Activity.OwnerDomain">
            <summary>Domain of source customer.</summary>
        </member>
        <member name="P:Google.Apis.Admin.Reports.reports_v1.Data.Activity.ETag">
            <summary>The ETag of the item.</summary>
        </member>
        <member name="T:Google.Apis.Admin.Reports.reports_v1.Data.Activity.ActorData">
            <summary>User doing the action.</summary>
        </member>
        <member name="P:Google.Apis.Admin.Reports.reports_v1.Data.Activity.ActorData.CallerType">
            <summary>User or OAuth 2LO request.</summary>
        </member>
        <member name="P:Google.Apis.Admin.Reports.reports_v1.Data.Activity.ActorData.Email">
            <summary>Email address of the user.</summary>
        </member>
        <member name="P:Google.Apis.Admin.Reports.reports_v1.Data.Activity.ActorData.Key">
            <summary>For OAuth 2LO API requests, consumer_key of the requestor.</summary>
        </member>
        <member name="P:Google.Apis.Admin.Reports.reports_v1.Data.Activity.ActorData.ProfileId">
            <summary>Obfuscated user id of the user.</summary>
        </member>
        <member name="P:Google.Apis.Admin.Reports.reports_v1.Data.Activity.EventsData.Name">
            <summary>Name of event.</summary>
        </member>
        <member name="P:Google.Apis.Admin.Reports.reports_v1.Data.Activity.EventsData.Parameters">
            <summary>Parameter value pairs for various applications.</summary>
        </member>
        <member name="P:Google.Apis.Admin.Reports.reports_v1.Data.Activity.EventsData.Type">
            <summary>Type of event.</summary>
        </member>
        <member name="P:Google.Apis.Admin.Reports.reports_v1.Data.Activity.EventsData.ParametersData.BoolValue">
            <summary>Boolean value of the parameter.</summary>
        </member>
        <member name="P:Google.Apis.Admin.Reports.reports_v1.Data.Activity.EventsData.ParametersData.IntValue">
            <summary>Integral value of the parameter.</summary>
        </member>
        <member name="P:Google.Apis.Admin.Reports.reports_v1.Data.Activity.EventsData.ParametersData.Name">
            <summary>The name of the parameter.</summary>
        </member>
        <member name="P:Google.Apis.Admin.Reports.reports_v1.Data.Activity.EventsData.ParametersData.Value">
            <summary>String value of the parameter.</summary>
        </member>
        <member name="T:Google.Apis.Admin.Reports.reports_v1.Data.Activity.IdData">
            <summary>Unique identifier for each activity record.</summary>
        </member>
        <member name="P:Google.Apis.Admin.Reports.reports_v1.Data.Activity.IdData.ApplicationName">
            <summary>Application name to which the event belongs.</summary>
        </member>
        <member name="P:Google.Apis.Admin.Reports.reports_v1.Data.Activity.IdData.CustomerId">
            <summary>Obfuscated customer ID of the source customer.</summary>
        </member>
        <member name="P:Google.Apis.Admin.Reports.reports_v1.Data.Activity.IdData.Time">
            <summary>Time of occurrence of the activity.</summary>
        </member>
        <member name="P:Google.Apis.Admin.Reports.reports_v1.Data.Activity.IdData.UniqueQualifier">
            <summary>Unique qualifier if multiple events have the same time.</summary>
        </member>
        <member name="T:Google.Apis.Admin.Reports.reports_v1.Data.UsageReport">
            <summary>JSON template for a usage report.</summary>
        </member>
        <member name="P:Google.Apis.Admin.Reports.reports_v1.Data.UsageReport.Date">
            <summary>The date to which the record belongs.</summary>
        </member>
        <member name="P:Google.Apis.Admin.Reports.reports_v1.Data.UsageReport.Entity">
            <summary>Information about the type of the item.</summary>
        </member>
        <member name="P:Google.Apis.Admin.Reports.reports_v1.Data.UsageReport.Kind">
            <summary>The kind of object.</summary>
        </member>
        <member name="P:Google.Apis.Admin.Reports.reports_v1.Data.UsageReport.Parameters">
            <summary>Parameter value pairs for various applications.</summary>
        </member>
        <member name="P:Google.Apis.Admin.Reports.reports_v1.Data.UsageReport.ETag">
            <summary>The ETag of the item.</summary>
        </member>
        <member name="T:Google.Apis.Admin.Reports.reports_v1.Data.UsageReport.EntityData">
            <summary>Information about the type of the item.</summary>
        </member>
        <member name="P:Google.Apis.Admin.Reports.reports_v1.Data.UsageReport.EntityData.CustomerId">
            <summary>Obfuscated customer id for the record.</summary>
        </member>
        <member name="P:Google.Apis.Admin.Reports.reports_v1.Data.UsageReport.EntityData.ProfileId">
            <summary>Obfuscated user id for the record.</summary>
        </member>
        <member name="P:Google.Apis.Admin.Reports.reports_v1.Data.UsageReport.EntityData.Type">
            <summary>The type of item, can be a customer or user.</summary>
        </member>
        <member name="P:Google.Apis.Admin.Reports.reports_v1.Data.UsageReport.EntityData.UserEmail">
            <summary>user's email.</summary>
        </member>
        <member name="P:Google.Apis.Admin.Reports.reports_v1.Data.UsageReport.ParametersData.BoolValue">
            <summary>Boolean value of the parameter.</summary>
        </member>
        <member name="P:Google.Apis.Admin.Reports.reports_v1.Data.UsageReport.ParametersData.DatetimeValue">
            <summary>RFC 3339 formatted value of the parameter.</summary>
        </member>
        <member name="P:Google.Apis.Admin.Reports.reports_v1.Data.UsageReport.ParametersData.IntValue">
            <summary>Integral value of the parameter.</summary>
        </member>
        <member name="P:Google.Apis.Admin.Reports.reports_v1.Data.UsageReport.ParametersData.Name">
            <summary>The name of the parameter.</summary>
        </member>
        <member name="P:Google.Apis.Admin.Reports.reports_v1.Data.UsageReport.ParametersData.StringValue">
            <summary>String value of the parameter.</summary>
        </member>
        <member name="T:Google.Apis.Admin.Reports.reports_v1.Data.UsageReports">
            <summary>JSON template for a collection of usage reports.</summary>
        </member>
        <member name="P:Google.Apis.Admin.Reports.reports_v1.Data.UsageReports.Kind">
            <summary>The kind of object.</summary>
        </member>
        <member name="P:Google.Apis.Admin.Reports.reports_v1.Data.UsageReports.NextPageToken">
            <summary>Token for retrieving the next page</summary>
        </member>
        <member name="P:Google.Apis.Admin.Reports.reports_v1.Data.UsageReports.UsageReportsValue">
            <summary>Various application parameter records.</summary>
        </member>
        <member name="P:Google.Apis.Admin.Reports.reports_v1.Data.UsageReports.Warnings">
            <summary>Warnings if any.</summary>
        </member>
        <member name="P:Google.Apis.Admin.Reports.reports_v1.Data.UsageReports.ETag">
            <summary>The ETag of the item.</summary>
        </member>
        <member name="P:Google.Apis.Admin.Reports.reports_v1.Data.UsageReports.WarningsData.Code">
            <summary>Machine readable code / warning type.</summary>
        </member>
        <member name="P:Google.Apis.Admin.Reports.reports_v1.Data.UsageReports.WarningsData.Data">
            <summary>Key-Value pairs to give detailed information on the warning.</summary>
        </member>
        <member name="P:Google.Apis.Admin.Reports.reports_v1.Data.UsageReports.WarningsData.Message">
            <summary>Human readable message for the warning.</summary>
        </member>
        <member name="P:Google.Apis.Admin.Reports.reports_v1.Data.UsageReports.WarningsData.DataData.Key">
            <summary>Key associated with a key-value pair to give detailed information on the warning.</summary>
        </member>
        <member name="P:Google.Apis.Admin.Reports.reports_v1.Data.UsageReports.WarningsData.DataData.Value">
            <summary>Value associated with a key-value pair to give detailed information on the
            warning.</summary>
        </member>
        <member name="T:Google.Apis.Admin.Reports.reports_v1.ReportsService">
            <summary>The Reports Service.</summary>
        </member>
        <member name="F:Google.Apis.Admin.Reports.reports_v1.ReportsService.Version">
            <summary>The API version.</summary>
        </member>
        <member name="F:Google.Apis.Admin.Reports.reports_v1.ReportsService.DiscoveryVersionUsed">
            <summary>The discovery version used to generate this service.</summary>
        </member>
        <member name="M:Google.Apis.Admin.Reports.reports_v1.ReportsService.#ctor">
            <summary>Constructs a new service.</summary>
        </member>
        <member name="M:Google.Apis.Admin.Reports.reports_v1.ReportsService.#ctor(Google.Apis.Services.BaseClientService.Initializer)">
            <summary>Constructs a new service.</summary>
            <param name="initializer">The service initializer.</param>
        </member>
        <member name="P:Google.Apis.Admin.Reports.reports_v1.ReportsService.Features">
            <summary>Gets the service supported features.</summary>
        </member>
        <member name="P:Google.Apis.Admin.Reports.reports_v1.ReportsService.Name">
            <summary>Gets the service name.</summary>
        </member>
        <member name="P:Google.Apis.Admin.Reports.reports_v1.ReportsService.BaseUri">
            <summary>Gets the service base URI.</summary>
        </member>
        <member name="P:Google.Apis.Admin.Reports.reports_v1.ReportsService.BasePath">
            <summary>Gets the service base path.</summary>
        </member>
        <member name="P:Google.Apis.Admin.Reports.reports_v1.ReportsService.Activities">
            <summary>Gets the Activities resource.</summary>
        </member>
        <member name="P:Google.Apis.Admin.Reports.reports_v1.ReportsService.CustomerUsageReports">
            <summary>Gets the CustomerUsageReports resource.</summary>
        </member>
        <member name="P:Google.Apis.Admin.Reports.reports_v1.ReportsService.UserUsageReport">
            <summary>Gets the UserUsageReport resource.</summary>
        </member>
        <member name="T:Google.Apis.Admin.Reports.reports_v1.ReportsService.Scopes">
            <summary>Available OAuth 2.0 scopes for use with the Admin Reports API.</summary>
        </member>
        <member name="F:Google.Apis.Admin.Reports.reports_v1.ReportsService.Scopes.AdminReportsAuditReadonly">
            <summary>View audit reports of Google Apps for your domain</summary>
        </member>
        <member name="F:Google.Apis.Admin.Reports.reports_v1.ReportsService.Scopes.AdminReportsUsageReadonly">
            <summary>View usage reports of Google Apps for your domain</summary>
        </member>
        <member name="T:Google.Apis.Admin.Reports.reports_v1.ReportsBaseServiceRequest`1">
            <summary>A base abstract class for Reports requests.</summary>
        </member>
        <member name="M:Google.Apis.Admin.Reports.reports_v1.ReportsBaseServiceRequest`1.#ctor(Google.Apis.Services.IClientService)">
            <summary>Constructs a new ReportsBaseServiceRequest instance.</summary>
        </member>
        <member name="M:Google.Apis.Admin.Reports.reports_v1.ReportsBaseServiceRequest`1.InitParameters">
            <summary>Initializes Reports parameter list.</summary>
        </member>
        <member name="P:Google.Apis.Admin.Reports.reports_v1.ReportsBaseServiceRequest`1.Alt">
            <summary>Data format for the response.</summary>
            [default: json]
        </member>
        <member name="P:Google.Apis.Admin.Reports.reports_v1.ReportsBaseServiceRequest`1.Fields">
            <summary>Selector specifying which fields to include in a partial response.</summary>
        </member>
        <member name="P:Google.Apis.Admin.Reports.reports_v1.ReportsBaseServiceRequest`1.Key">
            <summary>API key. Your API key identifies your project and provides you with API access, quota, and reports.
            Required unless you provide an OAuth 2.0 token.</summary>
        </member>
        <member name="P:Google.Apis.Admin.Reports.reports_v1.ReportsBaseServiceRequest`1.OauthToken">
            <summary>OAuth 2.0 token for the current user.</summary>
        </member>
        <member name="P:Google.Apis.Admin.Reports.reports_v1.ReportsBaseServiceRequest`1.PrettyPrint">
            <summary>Returns response with indentations and line breaks.</summary>
            [default: true]
        </member>
        <member name="P:Google.Apis.Admin.Reports.reports_v1.ReportsBaseServiceRequest`1.QuotaUser">
            <summary>Available to use for quota purposes for server-side applications. Can be any arbitrary string
            assigned to a user, but should not exceed 40 characters. Overrides userIp if both are provided.</summary>
        </member>
        <member name="P:Google.Apis.Admin.Reports.reports_v1.ReportsBaseServiceRequest`1.UserIp">
            <summary>IP address of the site where the request originates. Use this if you want to enforce per-user
            limits.</summary>
        </member>
        <member name="T:Google.Apis.Admin.Reports.reports_v1.ReportsBaseServiceRequest`1.AltEnum">
            <summary>Data format for the response.</summary>
        </member>
        <member name="F:Google.Apis.Admin.Reports.reports_v1.ReportsBaseServiceRequest`1.AltEnum.Json">
            <summary>Responses with Content-Type of application/json</summary>
        </member>
        <member name="T:Google.Apis.Admin.Reports.reports_v1.ActivitiesResource">
            <summary>The "activities" collection of methods.</summary>
        </member>
        <member name="F:Google.Apis.Admin.Reports.reports_v1.ActivitiesResource.service">
            <summary> The service whih this resource is belong to.</summary>
        </member>
        <member name="M:Google.Apis.Admin.Reports.reports_v1.ActivitiesResource.#ctor(Google.Apis.Services.IClientService)">
            <summary>Constructs a new resource.</summary>
        </member>
        <member name="M:Google.Apis.Admin.Reports.reports_v1.ActivitiesResource.List(System.String,System.String)">
            <summary>Retrieves a list of activities for a specific customer and application.</summary>
            <param name="userKey">Represents the profile id or the user email for which the data should be filtered. When 'all'
            is specified as the userKey, it returns usageReports for all users.</param>
            <param
            name="applicationName">Application name for which the events are to be retrieved.</param>
        </member>
        <member name="T:Google.Apis.Admin.Reports.reports_v1.ActivitiesResource.ListRequest">
            <summary>Retrieves a list of activities for a specific customer and application.</summary>
        </member>
        <member name="M:Google.Apis.Admin.Reports.reports_v1.ActivitiesResource.ListRequest.#ctor(Google.Apis.Services.IClientService,System.String,System.String)">
            <summary>Constructs a new List request.</summary>
        </member>
        <member name="M:Google.Apis.Admin.Reports.reports_v1.ActivitiesResource.ListRequest.InitParameters">
            <summary>Initializes List parameter list.</summary>
        </member>
        <member name="P:Google.Apis.Admin.Reports.reports_v1.ActivitiesResource.ListRequest.UserKey">
            <summary>Represents the profile id or the user email for which the data should be filtered. When 'all'
            is specified as the userKey, it returns usageReports for all users.</summary>
        </member>
        <member name="P:Google.Apis.Admin.Reports.reports_v1.ActivitiesResource.ListRequest.ApplicationName">
            <summary>Application name for which the events are to be retrieved.</summary>
        </member>
        <member name="P:Google.Apis.Admin.Reports.reports_v1.ActivitiesResource.ListRequest.StartTime">
            <summary>Return events which occured at or after this time.</summary>
        </member>
        <member name="P:Google.Apis.Admin.Reports.reports_v1.ActivitiesResource.ListRequest.ActorIpAddress">
            <summary>IP Address of host where the event was performed. Supports both IPv4 and IPv6
            addresses.</summary>
        </member>
        <member name="P:Google.Apis.Admin.Reports.reports_v1.ActivitiesResource.ListRequest.MaxResults">
            <summary>Number of activity records to be shown in each page.</summary>
            [minimum: 1]
            [maximum: 1000]
        </member>
        <member name="P:Google.Apis.Admin.Reports.reports_v1.ActivitiesResource.ListRequest.EventName">
            <summary>Name of the event being queried.</summary>
        </member>
        <member name="P:Google.Apis.Admin.Reports.reports_v1.ActivitiesResource.ListRequest.PageToken">
            <summary>Token to specify next page.</summary>
        </member>
        <member name="P:Google.Apis.Admin.Reports.reports_v1.ActivitiesResource.ListRequest.Filters">
            <summary>Event parameters in the form [parameter1 name][operator][parameter1 value],[parameter2
            name][operator][parameter2 value],...</summary>
        </member>
        <member name="P:Google.Apis.Admin.Reports.reports_v1.ActivitiesResource.ListRequest.EndTime">
            <summary>Return events which occured at or before this time.</summary>
        </member>
        <member name="P:Google.Apis.Admin.Reports.reports_v1.ActivitiesResource.ListRequest.MethodName">
            <summary>Gets the method name.</summary>
        </member>
        <member name="P:Google.Apis.Admin.Reports.reports_v1.ActivitiesResource.ListRequest.HttpMethod">
            <summary>Gets the HTTP method.</summary>
        </member>
        <member name="P:Google.Apis.Admin.Reports.reports_v1.ActivitiesResource.ListRequest.RestPath">
            <summary>Gets the REST path.</summary>
        </member>
        <member name="T:Google.Apis.Admin.Reports.reports_v1.CustomerUsageReportsResource">
            <summary>The "customerUsageReports" collection of methods.</summary>
        </member>
        <member name="F:Google.Apis.Admin.Reports.reports_v1.CustomerUsageReportsResource.service">
            <summary> The service whih this resource is belong to.</summary>
        </member>
        <member name="M:Google.Apis.Admin.Reports.reports_v1.CustomerUsageReportsResource.#ctor(Google.Apis.Services.IClientService)">
            <summary>Constructs a new resource.</summary>
        </member>
        <member name="M:Google.Apis.Admin.Reports.reports_v1.CustomerUsageReportsResource.Get(System.String)">
            <summary>Retrieves a report which is a collection of properties / statistics for a specific
            customer.</summary>
            <param name="date">Represents the date in yyyy-mm-dd format for which the data is to be fetched.</param>
        </member>
        <member name="T:Google.Apis.Admin.Reports.reports_v1.CustomerUsageReportsResource.GetRequest">
            <summary>Retrieves a report which is a collection of properties / statistics for a specific
            customer.</summary>
        </member>
        <member name="M:Google.Apis.Admin.Reports.reports_v1.CustomerUsageReportsResource.GetRequest.#ctor(Google.Apis.Services.IClientService,System.String)">
            <summary>Constructs a new Get request.</summary>
        </member>
        <member name="M:Google.Apis.Admin.Reports.reports_v1.CustomerUsageReportsResource.GetRequest.InitParameters">
            <summary>Initializes Get parameter list.</summary>
        </member>
        <member name="P:Google.Apis.Admin.Reports.reports_v1.CustomerUsageReportsResource.GetRequest.Date">
            <summary>Represents the date in yyyy-mm-dd format for which the data is to be fetched.</summary>
        </member>
        <member name="P:Google.Apis.Admin.Reports.reports_v1.CustomerUsageReportsResource.GetRequest.PageToken">
            <summary>Token to specify next page.</summary>
        </member>
        <member name="P:Google.Apis.Admin.Reports.reports_v1.CustomerUsageReportsResource.GetRequest.Parameters">
            <summary>Represents the application name, parameter name pairs to fetch in csv as app_name1:param_name1,
            app_name2:param_name2.</summary>
        </member>
        <member name="P:Google.Apis.Admin.Reports.reports_v1.CustomerUsageReportsResource.GetRequest.MethodName">
            <summary>Gets the method name.</summary>
        </member>
        <member name="P:Google.Apis.Admin.Reports.reports_v1.CustomerUsageReportsResource.GetRequest.HttpMethod">
            <summary>Gets the HTTP method.</summary>
        </member>
        <member name="P:Google.Apis.Admin.Reports.reports_v1.CustomerUsageReportsResource.GetRequest.RestPath">
            <summary>Gets the REST path.</summary>
        </member>
        <member name="T:Google.Apis.Admin.Reports.reports_v1.UserUsageReportResource">
            <summary>The "userUsageReport" collection of methods.</summary>
        </member>
        <member name="F:Google.Apis.Admin.Reports.reports_v1.UserUsageReportResource.service">
            <summary> The service whih this resource is belong to.</summary>
        </member>
        <member name="M:Google.Apis.Admin.Reports.reports_v1.UserUsageReportResource.#ctor(Google.Apis.Services.IClientService)">
            <summary>Constructs a new resource.</summary>
        </member>
        <member name="M:Google.Apis.Admin.Reports.reports_v1.UserUsageReportResource.Get(System.String,System.String)">
            <summary>Retrieves a report which is a collection of properties / statistics for a set of users.</summary>
            <param name="userKey">Represents the profile id or the user email for which the data should be
            filtered.</param>
            <param name="date">Represents the date in yyyy-mm-dd format for which the data is to be
            fetched.</param>
        </member>
        <member name="T:Google.Apis.Admin.Reports.reports_v1.UserUsageReportResource.GetRequest">
            <summary>Retrieves a report which is a collection of properties / statistics for a set of users.</summary>
        </member>
        <member name="M:Google.Apis.Admin.Reports.reports_v1.UserUsageReportResource.GetRequest.#ctor(Google.Apis.Services.IClientService,System.String,System.String)">
            <summary>Constructs a new Get request.</summary>
        </member>
        <member name="M:Google.Apis.Admin.Reports.reports_v1.UserUsageReportResource.GetRequest.InitParameters">
            <summary>Initializes Get parameter list.</summary>
        </member>
        <member name="P:Google.Apis.Admin.Reports.reports_v1.UserUsageReportResource.GetRequest.UserKey">
            <summary>Represents the profile id or the user email for which the data should be filtered.</summary>
        </member>
        <member name="P:Google.Apis.Admin.Reports.reports_v1.UserUsageReportResource.GetRequest.Date">
            <summary>Represents the date in yyyy-mm-dd format for which the data is to be fetched.</summary>
        </member>
        <member name="P:Google.Apis.Admin.Reports.reports_v1.UserUsageReportResource.GetRequest.Parameters">
            <summary>Represents the application name, parameter name pairs to fetch in csv as app_name1:param_name1,
            app_name2:param_name2.</summary>
        </member>
        <member name="P:Google.Apis.Admin.Reports.reports_v1.UserUsageReportResource.GetRequest.MaxResults">
            <summary>Maximum number of results to return. Maximum allowed is 1000</summary>
            [maximum: 1000]
        </member>
        <member name="P:Google.Apis.Admin.Reports.reports_v1.UserUsageReportResource.GetRequest.PageToken">
            <summary>Token to specify next page.</summary>
        </member>
        <member name="P:Google.Apis.Admin.Reports.reports_v1.UserUsageReportResource.GetRequest.Filters">
            <summary>Represents the set of filters including parameter operator value.</summary>
        </member>
        <member name="P:Google.Apis.Admin.Reports.reports_v1.UserUsageReportResource.GetRequest.MethodName">
            <summary>Gets the method name.</summary>
        </member>
        <member name="P:Google.Apis.Admin.Reports.reports_v1.UserUsageReportResource.GetRequest.HttpMethod">
            <summary>Gets the HTTP method.</summary>
        </member>
        <member name="P:Google.Apis.Admin.Reports.reports_v1.UserUsageReportResource.GetRequest.RestPath">
            <summary>Gets the REST path.</summary>
        </member>
    </members>
</doc>
